,id,name,release_year,instrumentalness,time_signature,tempo,loudness,energy,danceability,valence,mode
0,5EEDnjtmJ0gDuygYlUFMAb,Cities Of The Future,2004,0.436,4,144.983,-5.949,0.872,0.682,0.416,Major
1,60HhoW4AZ41OMP6SJMcjfV,Ravanasura Anthem,2023,0.0178,4,139.929,-2.046,0.905,0.612,0.407,Major
2,5fBBhQfbpkYpGc0Qcax4FN,Where Do We Go,2022,0.0,4,126.011,-3.552,0.96,0.482,0.409,Major
3,525xNwzGrf31OdVyN8RBl2,The Moments I'm Missing (feat. Nina Nesbitt),2019,0.00785,3,103.42,-5.94,0.836,0.484,0.069,Minor
4,1hxLjD8TYT5A1oAKhwgaA7,Esperanza,2016,0.7,4,150.005,-6.206,0.874,0.519,0.513,Major
5,4a9DD73M93HLGGhSHiIUL1,The Twenty Five (Official Nature One Anthem 2019),2019,0.778,4,140.012,-6.418,0.86,0.645,0.621,Minor
6,3kXA1sNW34i34JTcK0DTiT,Liberdade,2024,0.818,4,140.026,-5.594,0.93,0.569,0.188,Major
7,4s83mmQLGfo2wxiE1xTWkN,Visions,2023,0.652,4,140.011,-3.581,0.925,0.483,0.0359,Major
8,6QH8FVbFkefVgfD3QwC82H,Giratina,2015,0.814,4,129.992,-3.494,0.924,0.701,0.381,Major
9,2uf2VzI3JYpmsqDzFAuJg9,Masters of the Universe,2000,0.00292,4,170.051,-6.366,0.849,0.418,0.198,Major
10,2WyKvnMEF9H8CKHvmAXSm3,The Fusion - Blastoyz Remix,2021,0.0453,4,139.994,-2.718,0.99,0.488,0.221,Major
11,2Ypd2QVly4J7OKpUJVAYPL,Converting Vegetarians,2003,0.129,4,80.043,-12.723,0.669,0.758,0.652,Major
12,3tNUhCc4osVOhnEDQZWbed,Liquid Universe,2022,0.925,4,134.987,-7.468,0.93,0.649,0.397,Major
13,3Z7UmZWV0qyY7nK076Bqxe,Sicko Drop - Claudinho Brasil Remix,2022,0.685,4,140.015,-5.862,0.866,0.669,0.244,Major
14,6IDkdabcsyZmLQDCMtp6An,Yama,2021,0.05,4,138.051,-5.506,0.954,0.609,0.117,Major
15,2qO3b6zFIzFO05ymkjqXpA,Gayatri,2016,0.642,4,142.997,-7.331,0.872,0.519,0.57,Major
16,4WHOyzPzCkNRGhNl4XdjLI,Preacher,2020,0.609,4,138.037,-8.6,0.86,0.624,0.0325,Minor
17,65E8oKalgDwVsCfHfNNxw5,Gyoza,2024,0.306,4,141.997,-5.464,0.975,0.547,0.238,Major
18,1s5AUFJf1UseEDvmN9JbZ5,Jeenge,2003,0.815,4,99.996,-10.257,0.896,0.703,0.437,Minor
19,7AsTQd5CqLTQoMJ35ex0XC,Conga Fury,1997,0.869,4,159.984,-10.148,0.865,0.474,0.229,Minor
20,4SHUA9m6hj0LhpC8SPMDcX,Anjuna,2022,0.882,4,136.007,-8.283,0.83,0.773,0.105,Minor
21,3WdoKxlH2nCkinubepKcl3,When We Come Alive,2024,0.000119,3,103.474,-4.87,0.948,0.575,0.102,Major
22,5rf6i9Rh8kIYYqaObujNVe,Dracul,2000,0.902,4,144.974,-11.267,0.872,0.683,0.518,Major
23,7G7qAvwD7kGBRnY9D1G0o3,Avratz,2003,0.857,4,140.01,-13.467,0.394,0.718,0.0786,Major
24,2hrMk2MmWvlMs47Q4NcoCa,Disco Mushroom,2000,0.861,4,135.009,-11.416,0.771,0.49,0.0394,Minor
25,1WKyAsGQ3ra5RiegJklMJh,Pistolero,2000,0.724,4,141.007,-7.413,0.941,0.541,0.388,Major
26,0SYgWzi6800xeChoP1Fz1g,Devotion,2008,0.88,4,134.981,-7.349,0.71,0.778,0.135,Major
27,2F15XyWBzhrRTBaqTl769U,Muse Breaks RMX,2004,0.606,4,145.995,-6.902,0.647,0.677,0.274,Minor
28,67JrDos5vXRpLBRdJBH7xU,The Missed Symphony,2000,0.847,4,146.017,-8.674,0.662,0.627,0.153,Minor
29,6b4ZdmDCWLBe7kJVwOKLQF,Bust A Move,2000,0.517,4,144.997,-9.851,0.824,0.535,0.542,Minor
30,7MvqzU0nzTeu4rO157gTYb,Psycho,1999,0.871,4,145.026,-10.725,0.9,0.694,0.229,Major
31,4cExcH3MwJdpVvUWUpjpRR,Guardian Angel,1995,0.902,4,142.838,-7.384,0.976,0.54,0.207,Major
32,6UiEi6yB9GGwzAdKkGIkh6,Bombat,2004,0.88,4,144.987,-6.813,0.901,0.721,0.472,Minor
33,0IpXQ27DuJWlLKDhMrUaKg,Horus The Chorus,2004,0.745,4,144.992,-7.874,0.964,0.718,0.513,Major
34,1RazIFgTjRoRM4bkltndoY,Stretched,2004,0.86,4,120.002,-5.637,0.958,0.69,0.567,Major
35,0laNN8zwVNkS5ccUxYXDi9,Becoming Insane,2007,0.386,4,145.0,-5.781,0.82,0.653,0.637,Major
36,5sdDzzl866nMO5HQaNWrUH,I Wish,2003,0.289,4,145.03,-10.18,0.76,0.69,0.858,Major
37,1IBCR7sEQwU9P88AP4xcOn,Saeed,2009,0.396,4,145.015,-5.719,0.841,0.575,0.37,Minor
38,2KhxftTqpofmlX4jd5UOYt,Deeply Disturbed (Infected Remix),2007,0.816,4,145.037,-5.292,0.933,0.566,0.235,Minor
39,5IkZWNWiTV1BuRmoMgoi0g,I'm The Supervisor,2004,0.778,4,139.994,-6.464,0.882,0.767,0.335,Major
40,5Kq3Fp12VYjfttyW4iV4t1,Sailing In The Sea Of Mushroom,2000,0.861,4,146.196,-11.352,0.674,0.709,0.532,Major
41,65FKqoQMzp0bW9rWiDVZ0H,Ration Shmatio,2004,0.898,4,145.015,-5.944,0.827,0.743,0.74,Major
42,0IRmw8h3ksjDepr4XhaGoT,Smashing The Opponent,2009,0.28,4,145.011,-6.182,0.799,0.622,0.444,Major
43,4s8LITKEpX54Bun5FOpnmQ,Becoming Insane (Radio Mix),2007,0.0672,4,145.035,-6.242,0.883,0.654,0.251,Major
44,2tvJNi3mhb8HL2BfCNvmL3,Shakawkaw,2003,0.911,4,109.997,-11.299,0.635,0.703,0.585,Minor
45,5OZ2kpAMBHPmMkmSaVsw2X,Frog Machine,2004,0.839,4,144.972,-4.636,0.983,0.73,0.774,Major
46,6ldUPC67ctzEargLTPPUKB,Mush Mushi,2000,0.858,4,144.997,-11.127,0.907,0.691,0.386,Minor
47,61CurfVTGEhim7YoKNbyHs,Meduzz,2004,0.841,4,144.989,-6.404,0.846,0.746,0.55,Major
48,4kzB7Ab3xbronvZuL108Ug,None Of This Is Real,2000,0.363,4,145.963,-10.61,0.804,0.497,0.0733,Minor
